day_key,start_time,hour,day,week,month,year,weekdate
2018110100,2018-11-01 00:00:00,0,1,44,11,2018,3
2018110101,2018-11-01 01:00:00,1,1,44,11,2018,3
2018110102,2018-11-01 02:00:00,2,1,44,11,2018,3
2018110103,2018-11-01 03:00:00,3,1,44,11,2018,3
2018110104,2018-11-01 04:00:00,4,1,44,11,2018,3
2018110105,2018-11-01 05:00:00,5,1,44,11,2018,3
2018110106,2018-11-01 06:00:00,6,1,44,11,2018,3
2018110107,2018-11-01 07:00:00,7,1,44,11,2018,3
2018110108,2018-11-01 08:00:00,8,1,44,11,2018,3
2018110109,2018-11-01 09:00:00,9,1,44,11,2018,3
2018110110,2018-11-01 10:00:00,10,1,44,11,2018,3
2018110111,2018-11-01 11:00:00,11,1,44,11,2018,3
2018110112,2018-11-01 12:00:00,12,1,44,11,2018,3
2018110113,2018-11-01 13:00:00,13,1,44,11,2018,3
2018110114,2018-11-01 14:00:00,14,1,44,11,2018,3
2018110115,2018-11-01 15:00:00,15,1,44,11,2018,3
2018110116,2018-11-01 16:00:00,16,1,44,11,2018,3
2018110117,2018-11-01 17:00:00,17,1,44,11,2018,3
2018110118,2018-11-01 18:00:00,18,1,44,11,2018,3
2018110119,2018-11-01 19:00:00,19,1,44,11,2018,3
2018110120,2018-11-01 20:00:00,20,1,44,11,2018,3
2018110121,2018-11-01 21:00:00,21,1,44,11,2018,3
2018110122,2018-11-01 22:00:00,22,1,44,11,2018,3
2018110123,2018-11-01 23:00:00,23,1,44,11,2018,3
2018110200,2018-11-02 00:00:00,0,2,44,11,2018,4
2018110201,2018-11-02 01:00:00,1,2,44,11,2018,4
2018110202,2018-11-02 02:00:00,2,2,44,11,2018,4
2018110203,2018-11-02 03:00:00,3,2,44,11,2018,4
2018110204,2018-11-02 04:00:00,4,2,44,11,2018,4
2018110205,2018-11-02 05:00:00,5,2,44,11,2018,4
2018110206,2018-11-02 06:00:00,6,2,44,11,2018,4
2018110207,2018-11-02 07:00:00,7,2,44,11,2018,4
2018110208,2018-11-02 08:00:00,8,2,44,11,2018,4
2018110209,2018-11-02 09:00:00,9,2,44,11,2018,4
2018110210,2018-11-02 10:00:00,10,2,44,11,2018,4
2018110211,2018-11-02 11:00:00,11,2,44,11,2018,4
2018110212,2018-11-02 12:00:00,12,2,44,11,2018,4
2018110213,2018-11-02 13:00:00,13,2,44,11,2018,4
2018110214,2018-11-02 14:00:00,14,2,44,11,2018,4
2018110215,2018-11-02 15:00:00,15,2,44,11,2018,4
2018110216,2018-11-02 16:00:00,16,2,44,11,2018,4
2018110217,2018-11-02 17:00:00,17,2,44,11,2018,4
2018110218,2018-11-02 18:00:00,18,2,44,11,2018,4
2018110219,2018-11-02 19:00:00,19,2,44,11,2018,4
2018110220,2018-11-02 20:00:00,20,2,44,11,2018,4
2018110221,2018-11-02 21:00:00,21,2,44,11,2018,4
2018110222,2018-11-02 22:00:00,22,2,44,11,2018,4
2018110223,2018-11-02 23:00:00,23,2,44,11,2018,4
2018110300,2018-11-03 00:00:00,0,3,44,11,2018,5
2018110301,2018-11-03 01:00:00,1,3,44,11,2018,5
2018110302,2018-11-03 02:00:00,2,3,44,11,2018,5
2018110303,2018-11-03 03:00:00,3,3,44,11,2018,5
2018110304,2018-11-03 04:00:00,4,3,44,11,2018,5
2018110305,2018-11-03 05:00:00,5,3,44,11,2018,5
2018110306,2018-11-03 06:00:00,6,3,44,11,2018,5
2018110307,2018-11-03 07:00:00,7,3,44,11,2018,5
2018110308,2018-11-03 08:00:00,8,3,44,11,2018,5
2018110309,2018-11-03 09:00:00,9,3,44,11,2018,5
2018110310,2018-11-03 10:00:00,10,3,44,11,2018,5
2018110311,2018-11-03 11:00:00,11,3,44,11,2018,5
2018110312,2018-11-03 12:00:00,12,3,44,11,2018,5
2018110313,2018-11-03 13:00:00,13,3,44,11,2018,5
2018110314,2018-11-03 14:00:00,14,3,44,11,2018,5
2018110315,2018-11-03 15:00:00,15,3,44,11,2018,5
2018110316,2018-11-03 16:00:00,16,3,44,11,2018,5
2018110317,2018-11-03 17:00:00,17,3,44,11,2018,5
2018110318,2018-11-03 18:00:00,18,3,44,11,2018,5
2018110319,2018-11-03 19:00:00,19,3,44,11,2018,5
2018110320,2018-11-03 20:00:00,20,3,44,11,2018,5
2018110321,2018-11-03 21:00:00,21,3,44,11,2018,5
2018110322,2018-11-03 22:00:00,22,3,44,11,2018,5
2018110323,2018-11-03 23:00:00,23,3,44,11,2018,5
2018110400,2018-11-04 00:00:00,0,4,44,11,2018,6
2018110401,2018-11-04 01:00:00,1,4,44,11,2018,6
2018110402,2018-11-04 02:00:00,2,4,44,11,2018,6
2018110403,2018-11-04 03:00:00,3,4,44,11,2018,6
2018110404,2018-11-04 04:00:00,4,4,44,11,2018,6
2018110405,2018-11-04 05:00:00,5,4,44,11,2018,6
2018110406,2018-11-04 06:00:00,6,4,44,11,2018,6
2018110407,2018-11-04 07:00:00,7,4,44,11,2018,6
2018110408,2018-11-04 08:00:00,8,4,44,11,2018,6
2018110409,2018-11-04 09:00:00,9,4,44,11,2018,6
2018110410,2018-11-04 10:00:00,10,4,44,11,2018,6
2018110411,2018-11-04 11:00:00,11,4,44,11,2018,6
2018110412,2018-11-04 12:00:00,12,4,44,11,2018,6
2018110413,2018-11-04 13:00:00,13,4,44,11,2018,6
2018110414,2018-11-04 14:00:00,14,4,44,11,2018,6
2018110415,2018-11-04 15:00:00,15,4,44,11,2018,6
2018110416,2018-11-04 16:00:00,16,4,44,11,2018,6
2018110417,2018-11-04 17:00:00,17,4,44,11,2018,6
2018110418,2018-11-04 18:00:00,18,4,44,11,2018,6
2018110419,2018-11-04 19:00:00,19,4,44,11,2018,6
2018110420,2018-11-04 20:00:00,20,4,44,11,2018,6
2018110421,2018-11-04 21:00:00,21,4,44,11,2018,6
2018110422,2018-11-04 22:00:00,22,4,44,11,2018,6
2018110423,2018-11-04 23:00:00,23,4,44,11,2018,6
2018110500,2018-11-05 00:00:00,0,5,45,11,2018,0
2018110501,2018-11-05 01:00:00,1,5,45,11,2018,0
2018110502,2018-11-05 02:00:00,2,5,45,11,2018,0
2018110503,2018-11-05 03:00:00,3,5,45,11,2018,0
2018110504,2018-11-05 04:00:00,4,5,45,11,2018,0
2018110505,2018-11-05 05:00:00,5,5,45,11,2018,0
2018110506,2018-11-05 06:00:00,6,5,45,11,2018,0
2018110507,2018-11-05 07:00:00,7,5,45,11,2018,0
2018110508,2018-11-05 08:00:00,8,5,45,11,2018,0
2018110509,2018-11-05 09:00:00,9,5,45,11,2018,0
2018110510,2018-11-05 10:00:00,10,5,45,11,2018,0
2018110511,2018-11-05 11:00:00,11,5,45,11,2018,0
2018110512,2018-11-05 12:00:00,12,5,45,11,2018,0
2018110513,2018-11-05 13:00:00,13,5,45,11,2018,0
2018110514,2018-11-05 14:00:00,14,5,45,11,2018,0
2018110515,2018-11-05 15:00:00,15,5,45,11,2018,0
2018110516,2018-11-05 16:00:00,16,5,45,11,2018,0
2018110517,2018-11-05 17:00:00,17,5,45,11,2018,0
2018110518,2018-11-05 18:00:00,18,5,45,11,2018,0
2018110519,2018-11-05 19:00:00,19,5,45,11,2018,0
2018110520,2018-11-05 20:00:00,20,5,45,11,2018,0
2018110521,2018-11-05 21:00:00,21,5,45,11,2018,0
2018110522,2018-11-05 22:00:00,22,5,45,11,2018,0
2018110523,2018-11-05 23:00:00,23,5,45,11,2018,0
2018110600,2018-11-06 00:00:00,0,6,45,11,2018,1
2018110601,2018-11-06 01:00:00,1,6,45,11,2018,1
2018110602,2018-11-06 02:00:00,2,6,45,11,2018,1
2018110603,2018-11-06 03:00:00,3,6,45,11,2018,1
2018110604,2018-11-06 04:00:00,4,6,45,11,2018,1
2018110605,2018-11-06 05:00:00,5,6,45,11,2018,1
2018110606,2018-11-06 06:00:00,6,6,45,11,2018,1
2018110607,2018-11-06 07:00:00,7,6,45,11,2018,1
2018110608,2018-11-06 08:00:00,8,6,45,11,2018,1
2018110609,2018-11-06 09:00:00,9,6,45,11,2018,1
2018110610,2018-11-06 10:00:00,10,6,45,11,2018,1
2018110611,2018-11-06 11:00:00,11,6,45,11,2018,1
2018110612,2018-11-06 12:00:00,12,6,45,11,2018,1
2018110613,2018-11-06 13:00:00,13,6,45,11,2018,1
2018110614,2018-11-06 14:00:00,14,6,45,11,2018,1
2018110615,2018-11-06 15:00:00,15,6,45,11,2018,1
2018110616,2018-11-06 16:00:00,16,6,45,11,2018,1
2018110617,2018-11-06 17:00:00,17,6,45,11,2018,1
2018110618,2018-11-06 18:00:00,18,6,45,11,2018,1
2018110619,2018-11-06 19:00:00,19,6,45,11,2018,1
2018110620,2018-11-06 20:00:00,20,6,45,11,2018,1
2018110621,2018-11-06 21:00:00,21,6,45,11,2018,1
2018110622,2018-11-06 22:00:00,22,6,45,11,2018,1
2018110623,2018-11-06 23:00:00,23,6,45,11,2018,1
2018110700,2018-11-07 00:00:00,0,7,45,11,2018,2
2018110701,2018-11-07 01:00:00,1,7,45,11,2018,2
2018110702,2018-11-07 02:00:00,2,7,45,11,2018,2
2018110703,2018-11-07 03:00:00,3,7,45,11,2018,2
2018110704,2018-11-07 04:00:00,4,7,45,11,2018,2
2018110705,2018-11-07 05:00:00,5,7,45,11,2018,2
2018110706,2018-11-07 06:00:00,6,7,45,11,2018,2
2018110707,2018-11-07 07:00:00,7,7,45,11,2018,2
2018110708,2018-11-07 08:00:00,8,7,45,11,2018,2
2018110709,2018-11-07 09:00:00,9,7,45,11,2018,2
2018110710,2018-11-07 10:00:00,10,7,45,11,2018,2
2018110711,2018-11-07 11:00:00,11,7,45,11,2018,2
2018110712,2018-11-07 12:00:00,12,7,45,11,2018,2
2018110713,2018-11-07 13:00:00,13,7,45,11,2018,2
2018110714,2018-11-07 14:00:00,14,7,45,11,2018,2
2018110715,2018-11-07 15:00:00,15,7,45,11,2018,2
2018110716,2018-11-07 16:00:00,16,7,45,11,2018,2
2018110717,2018-11-07 17:00:00,17,7,45,11,2018,2
2018110718,2018-11-07 18:00:00,18,7,45,11,2018,2
2018110719,2018-11-07 19:00:00,19,7,45,11,2018,2
2018110720,2018-11-07 20:00:00,20,7,45,11,2018,2
2018110721,2018-11-07 21:00:00,21,7,45,11,2018,2
2018110722,2018-11-07 22:00:00,22,7,45,11,2018,2
2018110723,2018-11-07 23:00:00,23,7,45,11,2018,2
2018110800,2018-11-08 00:00:00,0,8,45,11,2018,3
2018110801,2018-11-08 01:00:00,1,8,45,11,2018,3
2018110802,2018-11-08 02:00:00,2,8,45,11,2018,3
2018110803,2018-11-08 03:00:00,3,8,45,11,2018,3
2018110804,2018-11-08 04:00:00,4,8,45,11,2018,3
2018110805,2018-11-08 05:00:00,5,8,45,11,2018,3
2018110806,2018-11-08 06:00:00,6,8,45,11,2018,3
2018110807,2018-11-08 07:00:00,7,8,45,11,2018,3
2018110808,2018-11-08 08:00:00,8,8,45,11,2018,3
2018110809,2018-11-08 09:00:00,9,8,45,11,2018,3
2018110810,2018-11-08 10:00:00,10,8,45,11,2018,3
2018110811,2018-11-08 11:00:00,11,8,45,11,2018,3
2018110812,2018-11-08 12:00:00,12,8,45,11,2018,3
2018110813,2018-11-08 13:00:00,13,8,45,11,2018,3
2018110814,2018-11-08 14:00:00,14,8,45,11,2018,3
2018110815,2018-11-08 15:00:00,15,8,45,11,2018,3
2018110816,2018-11-08 16:00:00,16,8,45,11,2018,3
2018110817,2018-11-08 17:00:00,17,8,45,11,2018,3
2018110818,2018-11-08 18:00:00,18,8,45,11,2018,3
2018110819,2018-11-08 19:00:00,19,8,45,11,2018,3
2018110820,2018-11-08 20:00:00,20,8,45,11,2018,3
2018110821,2018-11-08 21:00:00,21,8,45,11,2018,3
2018110822,2018-11-08 22:00:00,22,8,45,11,2018,3
2018110823,2018-11-08 23:00:00,23,8,45,11,2018,3
2018110900,2018-11-09 00:00:00,0,9,45,11,2018,4
2018110901,2018-11-09 01:00:00,1,9,45,11,2018,4
2018110902,2018-11-09 02:00:00,2,9,45,11,2018,4
2018110903,2018-11-09 03:00:00,3,9,45,11,2018,4
2018110904,2018-11-09 04:00:00,4,9,45,11,2018,4
2018110905,2018-11-09 05:00:00,5,9,45,11,2018,4
2018110906,2018-11-09 06:00:00,6,9,45,11,2018,4
2018110907,2018-11-09 07:00:00,7,9,45,11,2018,4
2018110908,2018-11-09 08:00:00,8,9,45,11,2018,4
2018110909,2018-11-09 09:00:00,9,9,45,11,2018,4
2018110910,2018-11-09 10:00:00,10,9,45,11,2018,4
2018110911,2018-11-09 11:00:00,11,9,45,11,2018,4
2018110912,2018-11-09 12:00:00,12,9,45,11,2018,4
2018110913,2018-11-09 13:00:00,13,9,45,11,2018,4
2018110914,2018-11-09 14:00:00,14,9,45,11,2018,4
2018110915,2018-11-09 15:00:00,15,9,45,11,2018,4
2018110916,2018-11-09 16:00:00,16,9,45,11,2018,4
2018110917,2018-11-09 17:00:00,17,9,45,11,2018,4
2018110918,2018-11-09 18:00:00,18,9,45,11,2018,4
2018110919,2018-11-09 19:00:00,19,9,45,11,2018,4
2018110920,2018-11-09 20:00:00,20,9,45,11,2018,4
2018110921,2018-11-09 21:00:00,21,9,45,11,2018,4
2018110922,2018-11-09 22:00:00,22,9,45,11,2018,4
2018110923,2018-11-09 23:00:00,23,9,45,11,2018,4
2018111000,2018-11-10 00:00:00,0,10,45,11,2018,5
2018111001,2018-11-10 01:00:00,1,10,45,11,2018,5
2018111002,2018-11-10 02:00:00,2,10,45,11,2018,5
2018111003,2018-11-10 03:00:00,3,10,45,11,2018,5
2018111004,2018-11-10 04:00:00,4,10,45,11,2018,5
2018111005,2018-11-10 05:00:00,5,10,45,11,2018,5
2018111006,2018-11-10 06:00:00,6,10,45,11,2018,5
2018111007,2018-11-10 07:00:00,7,10,45,11,2018,5
2018111008,2018-11-10 08:00:00,8,10,45,11,2018,5
2018111009,2018-11-10 09:00:00,9,10,45,11,2018,5
2018111010,2018-11-10 10:00:00,10,10,45,11,2018,5
2018111011,2018-11-10 11:00:00,11,10,45,11,2018,5
2018111012,2018-11-10 12:00:00,12,10,45,11,2018,5
2018111013,2018-11-10 13:00:00,13,10,45,11,2018,5
2018111014,2018-11-10 14:00:00,14,10,45,11,2018,5
2018111015,2018-11-10 15:00:00,15,10,45,11,2018,5
2018111016,2018-11-10 16:00:00,16,10,45,11,2018,5
2018111017,2018-11-10 17:00:00,17,10,45,11,2018,5
2018111018,2018-11-10 18:00:00,18,10,45,11,2018,5
2018111019,2018-11-10 19:00:00,19,10,45,11,2018,5
2018111020,2018-11-10 20:00:00,20,10,45,11,2018,5
2018111021,2018-11-10 21:00:00,21,10,45,11,2018,5
2018111022,2018-11-10 22:00:00,22,10,45,11,2018,5
2018111023,2018-11-10 23:00:00,23,10,45,11,2018,5
2018111100,2018-11-11 00:00:00,0,11,45,11,2018,6
2018111101,2018-11-11 01:00:00,1,11,45,11,2018,6
2018111102,2018-11-11 02:00:00,2,11,45,11,2018,6
2018111103,2018-11-11 03:00:00,3,11,45,11,2018,6
2018111104,2018-11-11 04:00:00,4,11,45,11,2018,6
2018111105,2018-11-11 05:00:00,5,11,45,11,2018,6
2018111106,2018-11-11 06:00:00,6,11,45,11,2018,6
2018111107,2018-11-11 07:00:00,7,11,45,11,2018,6
2018111108,2018-11-11 08:00:00,8,11,45,11,2018,6
2018111109,2018-11-11 09:00:00,9,11,45,11,2018,6
2018111110,2018-11-11 10:00:00,10,11,45,11,2018,6
2018111111,2018-11-11 11:00:00,11,11,45,11,2018,6
2018111112,2018-11-11 12:00:00,12,11,45,11,2018,6
2018111113,2018-11-11 13:00:00,13,11,45,11,2018,6
2018111114,2018-11-11 14:00:00,14,11,45,11,2018,6
2018111115,2018-11-11 15:00:00,15,11,45,11,2018,6
2018111116,2018-11-11 16:00:00,16,11,45,11,2018,6
2018111117,2018-11-11 17:00:00,17,11,45,11,2018,6
2018111118,2018-11-11 18:00:00,18,11,45,11,2018,6
2018111119,2018-11-11 19:00:00,19,11,45,11,2018,6
2018111120,2018-11-11 20:00:00,20,11,45,11,2018,6
2018111121,2018-11-11 21:00:00,21,11,45,11,2018,6
2018111122,2018-11-11 22:00:00,22,11,45,11,2018,6
2018111123,2018-11-11 23:00:00,23,11,45,11,2018,6
2018111200,2018-11-12 00:00:00,0,12,46,11,2018,0
2018111201,2018-11-12 01:00:00,1,12,46,11,2018,0
2018111202,2018-11-12 02:00:00,2,12,46,11,2018,0
2018111203,2018-11-12 03:00:00,3,12,46,11,2018,0
2018111204,2018-11-12 04:00:00,4,12,46,11,2018,0
2018111205,2018-11-12 05:00:00,5,12,46,11,2018,0
2018111206,2018-11-12 06:00:00,6,12,46,11,2018,0
2018111207,2018-11-12 07:00:00,7,12,46,11,2018,0
2018111208,2018-11-12 08:00:00,8,12,46,11,2018,0
2018111209,2018-11-12 09:00:00,9,12,46,11,2018,0
2018111210,2018-11-12 10:00:00,10,12,46,11,2018,0
2018111211,2018-11-12 11:00:00,11,12,46,11,2018,0
2018111212,2018-11-12 12:00:00,12,12,46,11,2018,0
2018111213,2018-11-12 13:00:00,13,12,46,11,2018,0
2018111214,2018-11-12 14:00:00,14,12,46,11,2018,0
2018111215,2018-11-12 15:00:00,15,12,46,11,2018,0
2018111216,2018-11-12 16:00:00,16,12,46,11,2018,0
2018111217,2018-11-12 17:00:00,17,12,46,11,2018,0
2018111218,2018-11-12 18:00:00,18,12,46,11,2018,0
2018111219,2018-11-12 19:00:00,19,12,46,11,2018,0
2018111220,2018-11-12 20:00:00,20,12,46,11,2018,0
2018111221,2018-11-12 21:00:00,21,12,46,11,2018,0
2018111222,2018-11-12 22:00:00,22,12,46,11,2018,0
2018111223,2018-11-12 23:00:00,23,12,46,11,2018,0
2018111300,2018-11-13 00:00:00,0,13,46,11,2018,1
2018111301,2018-11-13 01:00:00,1,13,46,11,2018,1
2018111302,2018-11-13 02:00:00,2,13,46,11,2018,1
2018111303,2018-11-13 03:00:00,3,13,46,11,2018,1
2018111304,2018-11-13 04:00:00,4,13,46,11,2018,1
2018111305,2018-11-13 05:00:00,5,13,46,11,2018,1
2018111306,2018-11-13 06:00:00,6,13,46,11,2018,1
2018111307,2018-11-13 07:00:00,7,13,46,11,2018,1
2018111308,2018-11-13 08:00:00,8,13,46,11,2018,1
2018111309,2018-11-13 09:00:00,9,13,46,11,2018,1
2018111310,2018-11-13 10:00:00,10,13,46,11,2018,1
2018111311,2018-11-13 11:00:00,11,13,46,11,2018,1
2018111312,2018-11-13 12:00:00,12,13,46,11,2018,1
2018111313,2018-11-13 13:00:00,13,13,46,11,2018,1
2018111314,2018-11-13 14:00:00,14,13,46,11,2018,1
2018111315,2018-11-13 15:00:00,15,13,46,11,2018,1
2018111316,2018-11-13 16:00:00,16,13,46,11,2018,1
2018111317,2018-11-13 17:00:00,17,13,46,11,2018,1
2018111318,2018-11-13 18:00:00,18,13,46,11,2018,1
2018111319,2018-11-13 19:00:00,19,13,46,11,2018,1
2018111320,2018-11-13 20:00:00,20,13,46,11,2018,1
2018111321,2018-11-13 21:00:00,21,13,46,11,2018,1
2018111322,2018-11-13 22:00:00,22,13,46,11,2018,1
2018111323,2018-11-13 23:00:00,23,13,46,11,2018,1
2018111400,2018-11-14 00:00:00,0,14,46,11,2018,2
2018111401,2018-11-14 01:00:00,1,14,46,11,2018,2
2018111402,2018-11-14 02:00:00,2,14,46,11,2018,2
2018111403,2018-11-14 03:00:00,3,14,46,11,2018,2
2018111404,2018-11-14 04:00:00,4,14,46,11,2018,2
2018111405,2018-11-14 05:00:00,5,14,46,11,2018,2
2018111406,2018-11-14 06:00:00,6,14,46,11,2018,2
2018111407,2018-11-14 07:00:00,7,14,46,11,2018,2
2018111408,2018-11-14 08:00:00,8,14,46,11,2018,2
2018111409,2018-11-14 09:00:00,9,14,46,11,2018,2
2018111410,2018-11-14 10:00:00,10,14,46,11,2018,2
2018111411,2018-11-14 11:00:00,11,14,46,11,2018,2
2018111412,2018-11-14 12:00:00,12,14,46,11,2018,2
2018111413,2018-11-14 13:00:00,13,14,46,11,2018,2
2018111414,2018-11-14 14:00:00,14,14,46,11,2018,2
2018111415,2018-11-14 15:00:00,15,14,46,11,2018,2
2018111416,2018-11-14 16:00:00,16,14,46,11,2018,2
2018111417,2018-11-14 17:00:00,17,14,46,11,2018,2
2018111418,2018-11-14 18:00:00,18,14,46,11,2018,2
2018111419,2018-11-14 19:00:00,19,14,46,11,2018,2
2018111420,2018-11-14 20:00:00,20,14,46,11,2018,2
2018111421,2018-11-14 21:00:00,21,14,46,11,2018,2
2018111422,2018-11-14 22:00:00,22,14,46,11,2018,2
2018111423,2018-11-14 23:00:00,23,14,46,11,2018,2
2018111500,2018-11-15 00:00:00,0,15,46,11,2018,3
2018111501,2018-11-15 01:00:00,1,15,46,11,2018,3
2018111502,2018-11-15 02:00:00,2,15,46,11,2018,3
2018111503,2018-11-15 03:00:00,3,15,46,11,2018,3
2018111504,2018-11-15 04:00:00,4,15,46,11,2018,3
2018111505,2018-11-15 05:00:00,5,15,46,11,2018,3
2018111506,2018-11-15 06:00:00,6,15,46,11,2018,3
2018111507,2018-11-15 07:00:00,7,15,46,11,2018,3
2018111508,2018-11-15 08:00:00,8,15,46,11,2018,3
2018111509,2018-11-15 09:00:00,9,15,46,11,2018,3
2018111510,2018-11-15 10:00:00,10,15,46,11,2018,3
2018111511,2018-11-15 11:00:00,11,15,46,11,2018,3
2018111512,2018-11-15 12:00:00,12,15,46,11,2018,3
2018111513,2018-11-15 13:00:00,13,15,46,11,2018,3
2018111514,2018-11-15 14:00:00,14,15,46,11,2018,3
2018111515,2018-11-15 15:00:00,15,15,46,11,2018,3
2018111516,2018-11-15 16:00:00,16,15,46,11,2018,3
2018111517,2018-11-15 17:00:00,17,15,46,11,2018,3
2018111518,2018-11-15 18:00:00,18,15,46,11,2018,3
2018111519,2018-11-15 19:00:00,19,15,46,11,2018,3
2018111520,2018-11-15 20:00:00,20,15,46,11,2018,3
2018111521,2018-11-15 21:00:00,21,15,46,11,2018,3
2018111522,2018-11-15 22:00:00,22,15,46,11,2018,3
2018111523,2018-11-15 23:00:00,23,15,46,11,2018,3
2018111600,2018-11-16 00:00:00,0,16,46,11,2018,4
2018111601,2018-11-16 01:00:00,1,16,46,11,2018,4
2018111602,2018-11-16 02:00:00,2,16,46,11,2018,4
2018111603,2018-11-16 03:00:00,3,16,46,11,2018,4
2018111604,2018-11-16 04:00:00,4,16,46,11,2018,4
2018111605,2018-11-16 05:00:00,5,16,46,11,2018,4
2018111606,2018-11-16 06:00:00,6,16,46,11,2018,4
2018111607,2018-11-16 07:00:00,7,16,46,11,2018,4
2018111608,2018-11-16 08:00:00,8,16,46,11,2018,4
2018111609,2018-11-16 09:00:00,9,16,46,11,2018,4
2018111610,2018-11-16 10:00:00,10,16,46,11,2018,4
2018111611,2018-11-16 11:00:00,11,16,46,11,2018,4
2018111612,2018-11-16 12:00:00,12,16,46,11,2018,4
2018111613,2018-11-16 13:00:00,13,16,46,11,2018,4
2018111614,2018-11-16 14:00:00,14,16,46,11,2018,4
2018111615,2018-11-16 15:00:00,15,16,46,11,2018,4
2018111616,2018-11-16 16:00:00,16,16,46,11,2018,4
2018111617,2018-11-16 17:00:00,17,16,46,11,2018,4
2018111618,2018-11-16 18:00:00,18,16,46,11,2018,4
2018111619,2018-11-16 19:00:00,19,16,46,11,2018,4
2018111620,2018-11-16 20:00:00,20,16,46,11,2018,4
2018111621,2018-11-16 21:00:00,21,16,46,11,2018,4
2018111622,2018-11-16 22:00:00,22,16,46,11,2018,4
2018111623,2018-11-16 23:00:00,23,16,46,11,2018,4
2018111700,2018-11-17 00:00:00,0,17,46,11,2018,5
2018111701,2018-11-17 01:00:00,1,17,46,11,2018,5
2018111702,2018-11-17 02:00:00,2,17,46,11,2018,5
2018111703,2018-11-17 03:00:00,3,17,46,11,2018,5
2018111704,2018-11-17 04:00:00,4,17,46,11,2018,5
2018111705,2018-11-17 05:00:00,5,17,46,11,2018,5
2018111706,2018-11-17 06:00:00,6,17,46,11,2018,5
2018111707,2018-11-17 07:00:00,7,17,46,11,2018,5
2018111708,2018-11-17 08:00:00,8,17,46,11,2018,5
2018111709,2018-11-17 09:00:00,9,17,46,11,2018,5
2018111710,2018-11-17 10:00:00,10,17,46,11,2018,5
2018111711,2018-11-17 11:00:00,11,17,46,11,2018,5
2018111712,2018-11-17 12:00:00,12,17,46,11,2018,5
2018111713,2018-11-17 13:00:00,13,17,46,11,2018,5
2018111714,2018-11-17 14:00:00,14,17,46,11,2018,5
2018111715,2018-11-17 15:00:00,15,17,46,11,2018,5
2018111716,2018-11-17 16:00:00,16,17,46,11,2018,5
2018111717,2018-11-17 17:00:00,17,17,46,11,2018,5
2018111718,2018-11-17 18:00:00,18,17,46,11,2018,5
2018111719,2018-11-17 19:00:00,19,17,46,11,2018,5
2018111720,2018-11-17 20:00:00,20,17,46,11,2018,5
2018111721,2018-11-17 21:00:00,21,17,46,11,2018,5
2018111722,2018-11-17 22:00:00,22,17,46,11,2018,5
2018111723,2018-11-17 23:00:00,23,17,46,11,2018,5
2018111800,2018-11-18 00:00:00,0,18,46,11,2018,6
2018111801,2018-11-18 01:00:00,1,18,46,11,2018,6
2018111802,2018-11-18 02:00:00,2,18,46,11,2018,6
2018111803,2018-11-18 03:00:00,3,18,46,11,2018,6
2018111804,2018-11-18 04:00:00,4,18,46,11,2018,6
2018111805,2018-11-18 05:00:00,5,18,46,11,2018,6
2018111806,2018-11-18 06:00:00,6,18,46,11,2018,6
2018111807,2018-11-18 07:00:00,7,18,46,11,2018,6
2018111808,2018-11-18 08:00:00,8,18,46,11,2018,6
2018111809,2018-11-18 09:00:00,9,18,46,11,2018,6
2018111810,2018-11-18 10:00:00,10,18,46,11,2018,6
2018111811,2018-11-18 11:00:00,11,18,46,11,2018,6
2018111812,2018-11-18 12:00:00,12,18,46,11,2018,6
2018111813,2018-11-18 13:00:00,13,18,46,11,2018,6
2018111814,2018-11-18 14:00:00,14,18,46,11,2018,6
2018111815,2018-11-18 15:00:00,15,18,46,11,2018,6
2018111816,2018-11-18 16:00:00,16,18,46,11,2018,6
2018111817,2018-11-18 17:00:00,17,18,46,11,2018,6
2018111818,2018-11-18 18:00:00,18,18,46,11,2018,6
2018111819,2018-11-18 19:00:00,19,18,46,11,2018,6
2018111820,2018-11-18 20:00:00,20,18,46,11,2018,6
2018111821,2018-11-18 21:00:00,21,18,46,11,2018,6
2018111822,2018-11-18 22:00:00,22,18,46,11,2018,6
2018111823,2018-11-18 23:00:00,23,18,46,11,2018,6
2018111900,2018-11-19 00:00:00,0,19,47,11,2018,0
2018111901,2018-11-19 01:00:00,1,19,47,11,2018,0
2018111902,2018-11-19 02:00:00,2,19,47,11,2018,0
2018111903,2018-11-19 03:00:00,3,19,47,11,2018,0
2018111904,2018-11-19 04:00:00,4,19,47,11,2018,0
2018111905,2018-11-19 05:00:00,5,19,47,11,2018,0
2018111906,2018-11-19 06:00:00,6,19,47,11,2018,0
2018111907,2018-11-19 07:00:00,7,19,47,11,2018,0
2018111908,2018-11-19 08:00:00,8,19,47,11,2018,0
2018111909,2018-11-19 09:00:00,9,19,47,11,2018,0
2018111910,2018-11-19 10:00:00,10,19,47,11,2018,0
2018111911,2018-11-19 11:00:00,11,19,47,11,2018,0
2018111912,2018-11-19 12:00:00,12,19,47,11,2018,0
2018111913,2018-11-19 13:00:00,13,19,47,11,2018,0
2018111914,2018-11-19 14:00:00,14,19,47,11,2018,0
2018111915,2018-11-19 15:00:00,15,19,47,11,2018,0
2018111916,2018-11-19 16:00:00,16,19,47,11,2018,0
2018111917,2018-11-19 17:00:00,17,19,47,11,2018,0
2018111918,2018-11-19 18:00:00,18,19,47,11,2018,0
2018111919,2018-11-19 19:00:00,19,19,47,11,2018,0
2018111920,2018-11-19 20:00:00,20,19,47,11,2018,0
2018111921,2018-11-19 21:00:00,21,19,47,11,2018,0
2018111922,2018-11-19 22:00:00,22,19,47,11,2018,0
2018111923,2018-11-19 23:00:00,23,19,47,11,2018,0
2018112000,2018-11-20 00:00:00,0,20,47,11,2018,1
2018112001,2018-11-20 01:00:00,1,20,47,11,2018,1
2018112002,2018-11-20 02:00:00,2,20,47,11,2018,1
2018112003,2018-11-20 03:00:00,3,20,47,11,2018,1
2018112004,2018-11-20 04:00:00,4,20,47,11,2018,1
2018112005,2018-11-20 05:00:00,5,20,47,11,2018,1
2018112006,2018-11-20 06:00:00,6,20,47,11,2018,1
2018112007,2018-11-20 07:00:00,7,20,47,11,2018,1
2018112008,2018-11-20 08:00:00,8,20,47,11,2018,1
2018112009,2018-11-20 09:00:00,9,20,47,11,2018,1
2018112010,2018-11-20 10:00:00,10,20,47,11,2018,1
2018112011,2018-11-20 11:00:00,11,20,47,11,2018,1
2018112012,2018-11-20 12:00:00,12,20,47,11,2018,1
2018112013,2018-11-20 13:00:00,13,20,47,11,2018,1
2018112014,2018-11-20 14:00:00,14,20,47,11,2018,1
2018112015,2018-11-20 15:00:00,15,20,47,11,2018,1
2018112016,2018-11-20 16:00:00,16,20,47,11,2018,1
2018112017,2018-11-20 17:00:00,17,20,47,11,2018,1
2018112018,2018-11-20 18:00:00,18,20,47,11,2018,1
2018112019,2018-11-20 19:00:00,19,20,47,11,2018,1
2018112020,2018-11-20 20:00:00,20,20,47,11,2018,1
2018112021,2018-11-20 21:00:00,21,20,47,11,2018,1
2018112022,2018-11-20 22:00:00,22,20,47,11,2018,1
2018112023,2018-11-20 23:00:00,23,20,47,11,2018,1
2018112100,2018-11-21 00:00:00,0,21,47,11,2018,2
2018112101,2018-11-21 01:00:00,1,21,47,11,2018,2
2018112102,2018-11-21 02:00:00,2,21,47,11,2018,2
2018112103,2018-11-21 03:00:00,3,21,47,11,2018,2
2018112104,2018-11-21 04:00:00,4,21,47,11,2018,2
2018112105,2018-11-21 05:00:00,5,21,47,11,2018,2
2018112106,2018-11-21 06:00:00,6,21,47,11,2018,2
2018112107,2018-11-21 07:00:00,7,21,47,11,2018,2
2018112108,2018-11-21 08:00:00,8,21,47,11,2018,2
2018112109,2018-11-21 09:00:00,9,21,47,11,2018,2
2018112110,2018-11-21 10:00:00,10,21,47,11,2018,2
2018112111,2018-11-21 11:00:00,11,21,47,11,2018,2
2018112112,2018-11-21 12:00:00,12,21,47,11,2018,2
2018112113,2018-11-21 13:00:00,13,21,47,11,2018,2
2018112114,2018-11-21 14:00:00,14,21,47,11,2018,2
2018112115,2018-11-21 15:00:00,15,21,47,11,2018,2
2018112116,2018-11-21 16:00:00,16,21,47,11,2018,2
2018112117,2018-11-21 17:00:00,17,21,47,11,2018,2
2018112118,2018-11-21 18:00:00,18,21,47,11,2018,2
2018112119,2018-11-21 19:00:00,19,21,47,11,2018,2
2018112120,2018-11-21 20:00:00,20,21,47,11,2018,2
2018112121,2018-11-21 21:00:00,21,21,47,11,2018,2
2018112122,2018-11-21 22:00:00,22,21,47,11,2018,2
2018112123,2018-11-21 23:00:00,23,21,47,11,2018,2
2018112200,2018-11-22 00:00:00,0,22,47,11,2018,3
2018112201,2018-11-22 01:00:00,1,22,47,11,2018,3
2018112202,2018-11-22 02:00:00,2,22,47,11,2018,3
2018112203,2018-11-22 03:00:00,3,22,47,11,2018,3
2018112204,2018-11-22 04:00:00,4,22,47,11,2018,3
2018112205,2018-11-22 05:00:00,5,22,47,11,2018,3
2018112206,2018-11-22 06:00:00,6,22,47,11,2018,3
2018112207,2018-11-22 07:00:00,7,22,47,11,2018,3
2018112208,2018-11-22 08:00:00,8,22,47,11,2018,3
2018112209,2018-11-22 09:00:00,9,22,47,11,2018,3
2018112210,2018-11-22 10:00:00,10,22,47,11,2018,3
2018112211,2018-11-22 11:00:00,11,22,47,11,2018,3
2018112212,2018-11-22 12:00:00,12,22,47,11,2018,3
2018112213,2018-11-22 13:00:00,13,22,47,11,2018,3
2018112214,2018-11-22 14:00:00,14,22,47,11,2018,3
2018112215,2018-11-22 15:00:00,15,22,47,11,2018,3
2018112216,2018-11-22 16:00:00,16,22,47,11,2018,3
2018112217,2018-11-22 17:00:00,17,22,47,11,2018,3
2018112218,2018-11-22 18:00:00,18,22,47,11,2018,3
2018112219,2018-11-22 19:00:00,19,22,47,11,2018,3
2018112220,2018-11-22 20:00:00,20,22,47,11,2018,3
2018112221,2018-11-22 21:00:00,21,22,47,11,2018,3
2018112222,2018-11-22 22:00:00,22,22,47,11,2018,3
2018112223,2018-11-22 23:00:00,23,22,47,11,2018,3
2018112300,2018-11-23 00:00:00,0,23,47,11,2018,4
2018112301,2018-11-23 01:00:00,1,23,47,11,2018,4
2018112302,2018-11-23 02:00:00,2,23,47,11,2018,4
2018112303,2018-11-23 03:00:00,3,23,47,11,2018,4
2018112304,2018-11-23 04:00:00,4,23,47,11,2018,4
2018112305,2018-11-23 05:00:00,5,23,47,11,2018,4
2018112306,2018-11-23 06:00:00,6,23,47,11,2018,4
2018112307,2018-11-23 07:00:00,7,23,47,11,2018,4
2018112308,2018-11-23 08:00:00,8,23,47,11,2018,4
2018112309,2018-11-23 09:00:00,9,23,47,11,2018,4
2018112310,2018-11-23 10:00:00,10,23,47,11,2018,4
2018112311,2018-11-23 11:00:00,11,23,47,11,2018,4
2018112312,2018-11-23 12:00:00,12,23,47,11,2018,4
2018112313,2018-11-23 13:00:00,13,23,47,11,2018,4
2018112314,2018-11-23 14:00:00,14,23,47,11,2018,4
2018112315,2018-11-23 15:00:00,15,23,47,11,2018,4
2018112316,2018-11-23 16:00:00,16,23,47,11,2018,4
2018112317,2018-11-23 17:00:00,17,23,47,11,2018,4
2018112318,2018-11-23 18:00:00,18,23,47,11,2018,4
2018112319,2018-11-23 19:00:00,19,23,47,11,2018,4
2018112320,2018-11-23 20:00:00,20,23,47,11,2018,4
2018112321,2018-11-23 21:00:00,21,23,47,11,2018,4
2018112322,2018-11-23 22:00:00,22,23,47,11,2018,4
2018112323,2018-11-23 23:00:00,23,23,47,11,2018,4
2018112400,2018-11-24 00:00:00,0,24,47,11,2018,5
2018112401,2018-11-24 01:00:00,1,24,47,11,2018,5
2018112402,2018-11-24 02:00:00,2,24,47,11,2018,5
2018112403,2018-11-24 03:00:00,3,24,47,11,2018,5
2018112404,2018-11-24 04:00:00,4,24,47,11,2018,5
2018112405,2018-11-24 05:00:00,5,24,47,11,2018,5
2018112406,2018-11-24 06:00:00,6,24,47,11,2018,5
2018112407,2018-11-24 07:00:00,7,24,47,11,2018,5
2018112408,2018-11-24 08:00:00,8,24,47,11,2018,5
2018112409,2018-11-24 09:00:00,9,24,47,11,2018,5
2018112410,2018-11-24 10:00:00,10,24,47,11,2018,5
2018112411,2018-11-24 11:00:00,11,24,47,11,2018,5
2018112412,2018-11-24 12:00:00,12,24,47,11,2018,5
2018112413,2018-11-24 13:00:00,13,24,47,11,2018,5
2018112414,2018-11-24 14:00:00,14,24,47,11,2018,5
2018112415,2018-11-24 15:00:00,15,24,47,11,2018,5
2018112416,2018-11-24 16:00:00,16,24,47,11,2018,5
2018112417,2018-11-24 17:00:00,17,24,47,11,2018,5
2018112418,2018-11-24 18:00:00,18,24,47,11,2018,5
2018112419,2018-11-24 19:00:00,19,24,47,11,2018,5
2018112420,2018-11-24 20:00:00,20,24,47,11,2018,5
2018112421,2018-11-24 21:00:00,21,24,47,11,2018,5
2018112422,2018-11-24 22:00:00,22,24,47,11,2018,5
2018112423,2018-11-24 23:00:00,23,24,47,11,2018,5
2018112500,2018-11-25 00:00:00,0,25,47,11,2018,6
2018112501,2018-11-25 01:00:00,1,25,47,11,2018,6
2018112502,2018-11-25 02:00:00,2,25,47,11,2018,6
2018112503,2018-11-25 03:00:00,3,25,47,11,2018,6
2018112504,2018-11-25 04:00:00,4,25,47,11,2018,6
2018112505,2018-11-25 05:00:00,5,25,47,11,2018,6
2018112506,2018-11-25 06:00:00,6,25,47,11,2018,6
2018112507,2018-11-25 07:00:00,7,25,47,11,2018,6
2018112508,2018-11-25 08:00:00,8,25,47,11,2018,6
2018112509,2018-11-25 09:00:00,9,25,47,11,2018,6
2018112510,2018-11-25 10:00:00,10,25,47,11,2018,6
2018112511,2018-11-25 11:00:00,11,25,47,11,2018,6
2018112512,2018-11-25 12:00:00,12,25,47,11,2018,6
2018112513,2018-11-25 13:00:00,13,25,47,11,2018,6
2018112514,2018-11-25 14:00:00,14,25,47,11,2018,6
2018112515,2018-11-25 15:00:00,15,25,47,11,2018,6
2018112516,2018-11-25 16:00:00,16,25,47,11,2018,6
2018112517,2018-11-25 17:00:00,17,25,47,11,2018,6
2018112518,2018-11-25 18:00:00,18,25,47,11,2018,6
2018112519,2018-11-25 19:00:00,19,25,47,11,2018,6
2018112520,2018-11-25 20:00:00,20,25,47,11,2018,6
2018112521,2018-11-25 21:00:00,21,25,47,11,2018,6
2018112522,2018-11-25 22:00:00,22,25,47,11,2018,6
2018112523,2018-11-25 23:00:00,23,25,47,11,2018,6
2018112600,2018-11-26 00:00:00,0,26,48,11,2018,0
2018112601,2018-11-26 01:00:00,1,26,48,11,2018,0
2018112602,2018-11-26 02:00:00,2,26,48,11,2018,0
2018112603,2018-11-26 03:00:00,3,26,48,11,2018,0
2018112604,2018-11-26 04:00:00,4,26,48,11,2018,0
2018112605,2018-11-26 05:00:00,5,26,48,11,2018,0
2018112606,2018-11-26 06:00:00,6,26,48,11,2018,0
2018112607,2018-11-26 07:00:00,7,26,48,11,2018,0
2018112608,2018-11-26 08:00:00,8,26,48,11,2018,0
2018112609,2018-11-26 09:00:00,9,26,48,11,2018,0
2018112610,2018-11-26 10:00:00,10,26,48,11,2018,0
2018112611,2018-11-26 11:00:00,11,26,48,11,2018,0
2018112612,2018-11-26 12:00:00,12,26,48,11,2018,0
2018112613,2018-11-26 13:00:00,13,26,48,11,2018,0
2018112614,2018-11-26 14:00:00,14,26,48,11,2018,0
2018112615,2018-11-26 15:00:00,15,26,48,11,2018,0
2018112616,2018-11-26 16:00:00,16,26,48,11,2018,0
2018112617,2018-11-26 17:00:00,17,26,48,11,2018,0
2018112618,2018-11-26 18:00:00,18,26,48,11,2018,0
2018112619,2018-11-26 19:00:00,19,26,48,11,2018,0
2018112620,2018-11-26 20:00:00,20,26,48,11,2018,0
2018112621,2018-11-26 21:00:00,21,26,48,11,2018,0
2018112622,2018-11-26 22:00:00,22,26,48,11,2018,0
2018112623,2018-11-26 23:00:00,23,26,48,11,2018,0
2018112700,2018-11-27 00:00:00,0,27,48,11,2018,1
2018112701,2018-11-27 01:00:00,1,27,48,11,2018,1
2018112702,2018-11-27 02:00:00,2,27,48,11,2018,1
2018112703,2018-11-27 03:00:00,3,27,48,11,2018,1
2018112704,2018-11-27 04:00:00,4,27,48,11,2018,1
2018112705,2018-11-27 05:00:00,5,27,48,11,2018,1
2018112706,2018-11-27 06:00:00,6,27,48,11,2018,1
2018112707,2018-11-27 07:00:00,7,27,48,11,2018,1
2018112708,2018-11-27 08:00:00,8,27,48,11,2018,1
2018112709,2018-11-27 09:00:00,9,27,48,11,2018,1
2018112710,2018-11-27 10:00:00,10,27,48,11,2018,1
2018112711,2018-11-27 11:00:00,11,27,48,11,2018,1
2018112712,2018-11-27 12:00:00,12,27,48,11,2018,1
2018112713,2018-11-27 13:00:00,13,27,48,11,2018,1
2018112714,2018-11-27 14:00:00,14,27,48,11,2018,1
2018112715,2018-11-27 15:00:00,15,27,48,11,2018,1
2018112716,2018-11-27 16:00:00,16,27,48,11,2018,1
2018112717,2018-11-27 17:00:00,17,27,48,11,2018,1
2018112718,2018-11-27 18:00:00,18,27,48,11,2018,1
2018112719,2018-11-27 19:00:00,19,27,48,11,2018,1
2018112720,2018-11-27 20:00:00,20,27,48,11,2018,1
2018112721,2018-11-27 21:00:00,21,27,48,11,2018,1
2018112722,2018-11-27 22:00:00,22,27,48,11,2018,1
2018112723,2018-11-27 23:00:00,23,27,48,11,2018,1
2018112800,2018-11-28 00:00:00,0,28,48,11,2018,2
2018112801,2018-11-28 01:00:00,1,28,48,11,2018,2
2018112802,2018-11-28 02:00:00,2,28,48,11,2018,2
2018112803,2018-11-28 03:00:00,3,28,48,11,2018,2
2018112804,2018-11-28 04:00:00,4,28,48,11,2018,2
2018112805,2018-11-28 05:00:00,5,28,48,11,2018,2
2018112806,2018-11-28 06:00:00,6,28,48,11,2018,2
2018112807,2018-11-28 07:00:00,7,28,48,11,2018,2
2018112808,2018-11-28 08:00:00,8,28,48,11,2018,2
2018112809,2018-11-28 09:00:00,9,28,48,11,2018,2
2018112810,2018-11-28 10:00:00,10,28,48,11,2018,2
2018112811,2018-11-28 11:00:00,11,28,48,11,2018,2
2018112812,2018-11-28 12:00:00,12,28,48,11,2018,2
2018112813,2018-11-28 13:00:00,13,28,48,11,2018,2
2018112814,2018-11-28 14:00:00,14,28,48,11,2018,2
2018112815,2018-11-28 15:00:00,15,28,48,11,2018,2
2018112816,2018-11-28 16:00:00,16,28,48,11,2018,2
2018112817,2018-11-28 17:00:00,17,28,48,11,2018,2
2018112818,2018-11-28 18:00:00,18,28,48,11,2018,2
2018112819,2018-11-28 19:00:00,19,28,48,11,2018,2
2018112820,2018-11-28 20:00:00,20,28,48,11,2018,2
2018112821,2018-11-28 21:00:00,21,28,48,11,2018,2
2018112822,2018-11-28 22:00:00,22,28,48,11,2018,2
2018112823,2018-11-28 23:00:00,23,28,48,11,2018,2
2018112900,2018-11-29 00:00:00,0,29,48,11,2018,3
2018112901,2018-11-29 01:00:00,1,29,48,11,2018,3
2018112902,2018-11-29 02:00:00,2,29,48,11,2018,3
2018112903,2018-11-29 03:00:00,3,29,48,11,2018,3
2018112904,2018-11-29 04:00:00,4,29,48,11,2018,3
2018112905,2018-11-29 05:00:00,5,29,48,11,2018,3
2018112906,2018-11-29 06:00:00,6,29,48,11,2018,3
2018112907,2018-11-29 07:00:00,7,29,48,11,2018,3
2018112908,2018-11-29 08:00:00,8,29,48,11,2018,3
2018112909,2018-11-29 09:00:00,9,29,48,11,2018,3
2018112910,2018-11-29 10:00:00,10,29,48,11,2018,3
2018112911,2018-11-29 11:00:00,11,29,48,11,2018,3
2018112912,2018-11-29 12:00:00,12,29,48,11,2018,3
2018112913,2018-11-29 13:00:00,13,29,48,11,2018,3
2018112914,2018-11-29 14:00:00,14,29,48,11,2018,3
2018112915,2018-11-29 15:00:00,15,29,48,11,2018,3
2018112916,2018-11-29 16:00:00,16,29,48,11,2018,3
2018112917,2018-11-29 17:00:00,17,29,48,11,2018,3
2018112918,2018-11-29 18:00:00,18,29,48,11,2018,3
2018112919,2018-11-29 19:00:00,19,29,48,11,2018,3
2018112920,2018-11-29 20:00:00,20,29,48,11,2018,3
2018112921,2018-11-29 21:00:00,21,29,48,11,2018,3
2018112922,2018-11-29 22:00:00,22,29,48,11,2018,3
2018112923,2018-11-29 23:00:00,23,29,48,11,2018,3
2018113000,2018-11-30 00:00:00,0,30,48,11,2018,4
2018113001,2018-11-30 01:00:00,1,30,48,11,2018,4
2018113002,2018-11-30 02:00:00,2,30,48,11,2018,4
2018113003,2018-11-30 03:00:00,3,30,48,11,2018,4
2018113004,2018-11-30 04:00:00,4,30,48,11,2018,4
2018113005,2018-11-30 05:00:00,5,30,48,11,2018,4
2018113006,2018-11-30 06:00:00,6,30,48,11,2018,4
2018113007,2018-11-30 07:00:00,7,30,48,11,2018,4
2018113008,2018-11-30 08:00:00,8,30,48,11,2018,4
2018113009,2018-11-30 09:00:00,9,30,48,11,2018,4
2018113010,2018-11-30 10:00:00,10,30,48,11,2018,4
2018113011,2018-11-30 11:00:00,11,30,48,11,2018,4
2018113012,2018-11-30 12:00:00,12,30,48,11,2018,4
2018113013,2018-11-30 13:00:00,13,30,48,11,2018,4
2018113014,2018-11-30 14:00:00,14,30,48,11,2018,4
2018113015,2018-11-30 15:00:00,15,30,48,11,2018,4
2018113016,2018-11-30 16:00:00,16,30,48,11,2018,4
2018113017,2018-11-30 17:00:00,17,30,48,11,2018,4
2018113018,2018-11-30 18:00:00,18,30,48,11,2018,4
2018113019,2018-11-30 19:00:00,19,30,48,11,2018,4
2018113020,2018-11-30 20:00:00,20,30,48,11,2018,4
2018113021,2018-11-30 21:00:00,21,30,48,11,2018,4
2018113022,2018-11-30 22:00:00,22,30,48,11,2018,4
2018113023,2018-11-30 23:00:00,23,30,48,11,2018,4
2018120100,2018-12-01 00:00:00,0,1,48,12,2018,5
